UCYC2wjLop-S6Ld4raeoUVNA,fi,en,,,,
UCblfuW_4rakIf2h6aqANefA,at,en,,,,
UCP-Ng5SXUEt0VE-TXqRdL6g,dk,en,,,,
UCqhnX4jA0A5paNd1v-zEysw,us,en,,,,
UC-2Y8dQb0S6DtpxNgAKoJKA,jp,en,,,,
UCosXctaTYxN4YPIvI5Fpcrw,us,en,,,,
UCNhxq7He5p-_FdBh0OaxcQg,us,en,,,,
UC0KU8F9jJqSLS11LRXvFWmg,fr,en,,,,
UC-LqvZMkzlQIT2Wy6LyE1_A,us,en,,,,
UCSK1_qvsEuTNZnvLQvNRLGQ,tr,en,,,,
UCL8ZULXASCc1I_oaOT0NaOQ,us,en,,,,
UCGIY_O-8vW4rfX98KlMkvRg,jp,en,,,,
UCaQHxlbPAmh7VWRudyRkwjw,de,en,,,,
UC6VcWc1rAoWdBCM0JxrRQ3A,us,en,,,,
UCgoLYRcV3kbWjytvoOqY1CA,us,en,,,,
UCIHBybdoneVVpaQK7xMz1ww,us,en,,,,
UCH47Lk8Qv2Vdr7yu7JHyvug,de,en,,,,
UCjBp_7RuDBUYbd1LegWEJ8g,us,en,,,,
UCptyYDiGZ9hs1pH0AaoBTxA,kr,en,,,,
UCSo0TqIHMNPOE-NZ2Dwmkpg,fr,en,,,,